<?xml version="1.0" encoding="UTF-8"?>
<!DOCTYPE suite SYSTEM "http://testng.org/testng-1.0.dtd">
<suite name="TestNGSuitiParallel">
<!-- <suite name="TestNGSuitiParallel" parallel = "methods" thread-count = "3"> -->
<!-- <listeners> -->
<!-- <listener class-name="training.TestListeners"></listener> -->
<!-- </listeners> -->

<!-- <parameter name="Data1" value="30" /> -->
<!-- <parameter name="Data2" value="10" /> -->
<!-- <parameter name="Data3" value="50" /> -->
<!-- <groups> -->
<!--   <run> -->
<!--       <include name="App.*" /> -->
<!--       <exclude name="SystemTest" /> -->
<!--   </run> -->
<!--  </groups> -->
  <test name="TestNGTesParallel">
<!--   <parameter name="Data1" value="100" /> -->
<!-- <parameter name="Data2" value="50" /> -->
<!-- <parameter name="Data3" value="150" /> -->
    <classes>
      <class name="training.SeleniumSession9"/>
        </classes>
  </test> <!-- TestNGTest -->
</suite> <!-- TestNGSuite -->
